slug,title,current_published_at,extracted_date,confidence,method,notes,date_changed
special-audit-report-government-outstanding-claims-commitments-31-december-2024-vol-1,Special audit report of the Auditor-General on Government outstanding claims and commitments as at 31 December 2024 - Vol 1,2024-12-31,2025-11-03,medium,near_auditor_general,"Date from info page, not transmittal letter",YES
technical-forensic-audit-report-csmp-metric-app-national-service-authority,Technical and Forensic Audit Report of the Auditor-General on the CSMP & Metric App of the National Service Authority,2024-12-31,2025-10-01,medium,near_auditor_general,"Date from info page, not transmittal letter",YES
performance-audit-lifting-transporting-solid-waste-lanmma-asema-markets,Performance audit report of the Auditor-General on the lifting and transporting of solid waste at LaNMMA and ASEMA markets and their environs,2024-12-31,2023-09-08,high,before_salutation,,YES
performance-audit-computerised-financial-electronic-systems-selected-covered-entities-2024,Performance Audit Report Of The Auditor-General On Computerised Financial And Electronic Systems In Selected Covered Entities As At 31 December 2024,2024-12-31,2025-05-07,high,before_salutation,,YES
follow-up-report-three-performance-audits,Follow-Up Report Of The Auditor-General On Three Performance Audits,2024-12-31,2025-05-07,high,before_salutation,,YES
performance-audit-procurement-maintenance-medical-equipment-teaching-hospitals,Performance Audit Report Of The Auditor-General On The Procurement And Maintenance Of Medical Equipment In Teaching Hospitals,2024-12-31,2025-05-02,high,before_salutation,,YES
performance-audit-utilisation-gnpc-share-petroleum-revenue-infrastructure-projects,Performance Audit Report Of The Auditor-General On The Utilisation Of Gnpc's Share Of The Petroleum Revenue On Infrastructure Projects,2024-12-31,,remote,none,PDF not downloaded locally — needs manual download first,
performance-audit-provision-maintenance-toilet-facilities-public-schools,Performance Audit Report Of The Auditor-General On The Provision And Maintenance Of Toilet Facilities In Public Schools,2024-12-31,2025-05-16,high,before_salutation,,YES
performance-audit-availability-accessibility-fertilisers-small-holder-farmers-ghana,Performance Audit Report Of The Auditor-General On The Availability And Accessibility Of Fertilisers To Small Holder Farmers In Ghana,2024-12-31,2025-05-16,high,before_salutation (via OCR),,YES
public-accounts-ghana-whole-of-government-accounts-2024,Report Of The Auditor-General On The Public Accounts Of Ghana (Whole-Of Government Accounts) For The Year Ended 31 December 2024,2024-12-31,2025-06-10,high,before_salutation,,YES
public-accounts-ghana-public-boards-corporations-statutory-institutions-2024,"Report Of The Auditor-General On The Public Accounts Of Ghana: Public Boards, Corporations And Other Statutory Institutions For The Period Ended 31 December 2024",2024-12-31,2024-12-31,medium,near_auditor_general,"Date from info page, not transmittal letter",no
consolidated-statements-foreign-exchange-bank-of-ghana-2024,Report Of The Auditor-General On The Consolidated Statements Of Foreign Exchange Receipts And Payments Of The Bank Of Ghana (Bog) For The Year Ended 31 December 2024,2024-12-31,2025-06-09,high,before_salutation,,YES
public-accounts-ghana-pre-university-educational-institutions-2024,"Report Of The Auditor-General On The Public Accounts Of Ghana, Pre-University Educational Institutions For The Financial Year Ended 31 December 2024",2024-12-31,2025-06-04,high,before_salutation,,YES
accounts-district-assemblies-2024,Report Of The Auditor-General On The Accounts Of District Assemblies For The Financial Year Ended 31 December 2024,2024-12-31,2025-06-02,high,before_salutation,,YES
public-accounts-ghana-public-universities-colleges-education-2024,Report Of The Auditor-General On The Public Accounts Of Ghana -- Public Universities And Colleges Of Education For The Year Ended 31 December 2024,2024-12-31,2025-06-10,high,before_salutation,,YES
management-petroleum-funds-2024,Report Of The Auditor-General On The Management Of Petroleum Funds For The Period 1 January 2024 To 31 December 2024,2024-12-31,2025-06-13,high,before_salutation,,YES
public-accounts-ghana-mdas-2024,"Report Of The Auditor-General On The Public Accounts Of Ghana -- Ministries, Departments And Other Agencies For The Year Ended 31 December 2024",2024-12-31,2025-06-10,high,before_salutation,,YES
management-utilisation-dacf-statutory-funds-2024,Report Of The Auditor-General On The Management And Utilisation Of The District Assemblies Common Fund (Dacf) And Other Statutory Funds For The Year Ended 31 December 2024,2024-12-31,2025-06-02,high,before_salutation,,YES
special-audit-recoveries-disallowed-expenditure-2020-2023-payroll-savings-2024,"Special Audit Report on the recoveries made from disallowed expenditure in the Auditor-General's reports from 2020 to 2023 and payroll savings as at 31 December, 2024",2024-12-31,2025-02-27,high,before_salutation (via OCR),,YES
foreign-exchange-bank-of-ghana-half-year-june-2024,"Report of the Auditor-General on the statement of Foreign Exchange receipts and payments of the Bank of Ghana (BOG) for the half year ended 30 June, 2024",2024-06-30,2024-12-23,high,before_salutation,,YES
follow-up-covid-19-expenditure-march-2020-june-2022,Auditor-General's follow up report on the audit of Government of Ghana Covid-19 expenditure for the period March 2020 to June 2022,2022-12-31,2020-05-06,low,first_date_found,No salutation/transmittal match; used first date found (3 dates on pages 2-5),YES
consolidated-statements-foreign-exchange-bank-of-ghana-2023,Report of the Auditor-General on the Consolidated Statements of Foreign Exchange Receipts and Payments of the Bank of Ghana (BOG) for the year ended 31 December 2023,2023-12-31,2024-06-05,high,before_salutation,,YES
performance-audit-preventing-reducing-solid-plastic-waste-coastal-environment,Performance Audit report of the Auditor-General on preventing and reducing solid and plastic waste on Ghana's coastal environment,2023-12-31,,remote,none,PDF not downloaded locally — needs manual download first,
performance-audit-disposal-plastic-waste-ghana,Performance Audit report of the Auditor-General on the disposal of plastic waste in Ghana,2023-12-31,2024-07-04,high,before_salutation,,YES
performance-audit-land-registration-ghana,Performance Audit report of the Auditor-General on land registration in Ghana,2023-12-31,2024-05-02,high,before_salutation,,YES
performance-audit-safety-inland-water-transport-volta-lake,Performance Audit report of the Auditor-General on the safety of inland water transport on the volta lake,2023-12-31,2024-06-28,high,before_salutation,,YES
performance-audit-managing-activities-undertakings-impact-environment,Performance Audit report of the Auditor-General on managing activities of undertakings that Impact the Environment,2023-12-31,2024-06-25,high,before_salutation,,YES
public-accounts-ghana-technical-universities-colleges-education-2023,Report of the Auditor-General on the public accounts of Ghana - Technical Universities and Colleges of Education for the year ended 31 December 2023,2023-12-31,2023-12-31,medium,near_auditor_general,"Date from info page, not transmittal letter",no
management-petroleum-funds-2023,Report of the Auditor-General on the management of petroleum funds for the period 1 January 2023 to 31 December 2023,2023-12-31,2024-06-24,high,before_salutation,,YES
public-accounts-ghana-public-boards-corporations-statutory-institutions-2023,"Report of the Auditor-General on the public accounts of Ghana: Public Boards, Corporations and other Statutory Institutions for the period ended 31 December 2023",2023-12-31,2024-06-01,medium,near_auditor_general_month_year,"Date from info page, not transmittal letter",YES
management-utilisation-dacf-statutory-funds-2023,Report of the Auditor-General on the Management and Utilisation of the District Assemblies Common Fund and other Statutory Funds for the year ended 31 December 2023,2023-12-31,2024-06-12,high,before_salutation,,YES
public-accounts-ghana-mdas-2023,"Report of the Auditor-General on the Public Accounts of Ghana: Ministries, Departments and Other Agencies (MDAs) for the year ended 31 December 2023",2023-12-31,2024-06-10,high,before_salutation,,YES
accounts-district-assemblies-2023,Report of the Auditor-General on the Accounts of District Assemblies for the financial year ended 31 December 2023,2023-12-31,2024-06-12,high,before_salutation,,YES
public-accounts-ghana-pre-university-educational-institutions-2023,"Report of the Auditor-General on the Public Accounts of Ghana, Pre-University Educational Institutions for the financial year ended 31 December 2023",2023-12-31,2024-06-20,high,before_salutation,,YES
information-system-audit-computerised-financial-electronic-systems-2023,Information System Audit for the Auditor-General on Computerised Financial and Electronic Systems for the period ended 31 December 2023,2023-12-31,2024-05-14,high,before_salutation,,YES
foreign-exchange-bank-of-ghana-half-year-june-2023,Report of the Auditor-General on the statement of Foreign Exchange receipts and payments of the Bank of Ghana (BOG) for the half-year ended 30 June 2023,2023-06-30,2024-01-09,high,before_salutation,,YES
performance-audit-management-ghana-school-feeding-programme,Performance Audit report of the Auditor-General on the management of the Ghana School Feeding Programme,2023-12-31,2023-09-14,high,before_salutation,,YES
performance-audit-management-fixed-assets-selected-ministries-departments,Performance Audit report of the Auditor-General on the management of fixed assets in selected Ministries and Departments,2023-12-31,2023-10-23,high,before_salutation,,YES
performance-audit-tax-administration-ghana,Performance Audit report of the Auditor-General on Tax Administration in Ghana,2023-12-31,2023-07-07,high,before_salutation,,YES
performance-audit-management-of-leap,Performance Audit report of the Auditor-General on management of LEAP,2023-12-31,2023-08-08,high,before_salutation,,YES
performance-audit-construction-cocoa-roads,Performance Audit Report of the Auditor-General on the construction of Cocoa Roads,2023-12-31,2023-06-12,high,before_salutation (via OCR),,YES
performance-audit-issuance-enforcement-building-permits-kumasi-metropolitan-assembly,Performance Audit Report of the Auditor-General on the issuance and enforcement of Building Permits by the Kumasi Metropolitan Assembly,2023-12-31,2023-06-12,high,before_salutation (via OCR),,YES
performance-audit-management-meters-electricity-company-ghana,Performance Audit Report of the Auditor-General on the management of meters by the Electricity Company of Ghana,2023-12-31,2023-06-08,high,before_salutation (via OCR),,YES
performance-audit-cleanliness-toilet-facilities-cape-coast-metropolitan-june-2023,Performance Audit Report of the Auditor-General on ensuring cleanliness of home & public toilet facilities in the Cape Coast Metropolitan Area-June 2023,2023-06-30,2023-06-14,high,before_salutation,,YES
performance-audit-management-timber-utilization-contracts-forestry-commission,Performance audit report of the Auditor-General on the Management of Timber Utilization Contracts (TUCs) by the Forestry Commission of Ghana,2023-12-31,2023-06-02,high,before_salutation (via OCR),,YES
management-utilisation-dacf-statutory-funds-2022,Report of the Auditor-General on the Management and Utilisation of the District Assemblies Common Fund and other Statutory Funds for the year ended 31 December 2022,2022-12-31,2022-12-31,medium,near_auditor_general,"Date from info page, not transmittal letter",no
information-system-audit-computerised-financial-electronic-systems-2022,Information System Audit of the Auditor-General on computerized Financial and Electronic systems of selected Public Sector Entities for the period ended 31 December 2022,2022-12-31,2023-06-20,high,before_salutation,,YES
public-accounts-ghana-mdas-2022,"Report of the Auditor-General on the Public Accounts of Ghana -- Ministries, Departments and other Agencies for the year ended 31 December 2022",2022-12-31,2022-12-31,medium,near_auditor_general,"Date from info page, not transmittal letter",no
management-petroleum-funds-2022,Report of the Auditor-General on the Management of Petroleum Funds for the period 1 January 2022 to 31 December 2022,2022-12-31,2023-06-12,high,before_salutation,,YES
public-accounts-ghana-colleges-education-pre-university-2022,Report of the Auditor-General on the Public Accounts of Ghana: Colleges of Education and Pre-university Educational Institutions for the financial year ended 31 December 2022,2022-12-31,2022-12-31,medium,near_auditor_general,"Date from info page, not transmittal letter",no
public-accounts-ghana-general-government-2022,Report of the Auditor-General on the public accounts of Ghana (General Government) for the year ended 31 December 2022,2022-12-31,2022-12-31,medium,near_auditor_general,"Date from info page, not transmittal letter",no
accounts-district-assemblies-2022,Report of the Auditor-General on the accounts of district assemblies for the year ended 31 December 2022,2022-12-31,2022-12-31,high,transmittal_heading,,no
public-accounts-ghana-public-boards-corporations-statutory-institutions-2022,"Report of the Auditor-General on the Accounts of Ghana: Public Boards, Corporations and other Statutory Institutions for the period ended 31 December 2022",2022-12-31,2023-06-16,medium,near_auditor_general,"Date from info page, not transmittal letter",YES
consolidated-statements-foreign-exchange-bank-of-ghana-2022,Report of the Auditor-General on the Consolidated Statements of Foreign Exchange Receipts and Payments of the Bank of Ghana (BoG) for the year ended 31 December 2022,2022-12-31,2023-06-14,high,before_salutation,,YES
public-accounts-ghana-technical-universities-2022,Report of the Auditor-General on the Public Accounts of Ghana -- Technical Universities for the year ended 31 December 2022,2022-12-31,2023-06-16,high,before_salutation,,YES
special-audit-recoveries-disallowed-expenditure-2017-2020-payroll-savings-2022,Special Audit Report on the recoveries made from disallowed expenditure in the Auditor-General's reports from 2017 to 2020 and payroll savings as at 30 September 2022,2022-12-31,2022-09-30,high,transmittal_heading,,YES
foreign-exchange-bank-of-ghana-half-year-june-2022,Report of the Auditor-General on the statement of Foreign Exchange Receipts and Payments of the Bank of Ghana (BOG) for the half-year ended 30 June 2022,2022-06-30,2022-12-29,high,before_salutation,,YES
audit-government-ghana-covid-19-expenditure-march-2020-june-2022,Report on the audit of the Government of Ghana Covid-19 expenditure for the period March 2020 to June 2022,2022-12-31,2022-12-30,high,before_salutation,,YES
consolidated-statements-foreign-exchange-bank-of-ghana-2021,Report of the Auditor-General on the Consolidated Statements of Foreign Exchange Receipts and Payments of the Bank of Ghana (BoG) for the year ended 31 December 2021,2021-12-31,2022-06-01,high,before_salutation (via OCR),,YES
accounts-district-assemblies-2021,Report of the Auditor-General on the Accounts of District Assemblies for the financial year ended 31 December 2021,2021-12-31,2022-06-03,high,before_salutation,,YES
public-accounts-ghana-general-government-2021,Report of the Auditor-General on the Public Accounts of Ghana (General Government) for the year ended 31 December 2021,2021-12-31,2022-06-01,high,before_salutation,,YES
management-petroleum-funds-2021,Report of the Auditor-General on the Management of Petroleum Funds for the period 1 January 2021 to 31 December 2021,2021-12-31,2022-06-14,high,before_salutation,,YES
public-accounts-ghana-technical-universities-2021,Report of the Auditor-General on the Public Accounts of Ghana -- Technical Universities for the year ended 31 December 2021,2021-12-31,2021-12-31,high,transmittal_heading (via OCR),,no
public-accounts-ghana-pre-university-educational-institutions-2021,"Report of the Auditor-General on the Public Accounts of Ghana, Pre-University Educational Institutions for the financial year ended 31 December 2021",2021-12-31,2022-06-15,high,before_salutation,,YES
public-accounts-ghana-public-boards-corporations-statutory-institutions-2021,"Report of the Auditor-General on the Public Accounts of Ghana -- Public Boards, Corporations and other Statutory Institutions for the period ended 31 December 2021",2021-12-31,2022-06-01,medium,near_auditor_general,"Date from info page, not transmittal letter",YES
foreign-exchange-bank-of-ghana-half-year-june-2021,Report of the Auditor-General on the Statements of Foreign Exchange Receipts and Payments of the Bank of Ghana (BoG) for the half-year ended 30 June 2021,2021-06-30,2021-12-08,medium,near_auditor_general,"Date from info page, not transmittal letter",YES
management-utilisation-dacf-statutory-funds-2021,Report of the Auditor-General on the Management and Utilisation of the District Assemblies Common Fund (DACF) and Other Statutory Funds for the year ended 31 December 2021,2021-12-31,2022-06-01,high,before_salutation,,YES
performance-audit-fleet-management-national-ambulance-service,Performance Audit Report of the Auditor-General on Fleet Management of the National Ambulance Service,2021-12-31,2022-05-25,high,before_salutation (via OCR),,YES
consolidated-performance-audit-capital-projects-30-mmdas-dacf-rfg,Consolidated Performance Audit Report of the Auditor-General on Capital projects of 30 selected MMDAs funded through the DACF-RFG,2021-12-31,2022-05-25,high,before_salutation (via OCR),,YES
public-accounts-ghana-mdas-2021,"Report of the Auditor-General on the Public Accounts of Ghana - Ministries, Departments and other Agencies for the year ended 31 December 2021",2021-12-31,2022-06-13,high,before_salutation,,YES
public-accounts-ghana-pre-university-educational-institutions-2020,"Report of the Auditor-General on the Public Accounts of Ghana, Pre-University Educational Institutions for the financial year ended 31 December 2020",2020-12-31,2021-06-09,high,before_salutation,,YES
public-accounts-ghana-technical-universities-polytechnics-2020,Report of the Auditor-General on the Public Accounts of Ghana -- Technical Universities and Polytechnics for the period ended 31 December 2020,2020-12-31,2021-06-08,high,before_salutation (via OCR),,YES
performance-audit-provision-flood-control-drains-hydrological-services,Performance Audit Report of the Auditor-General on provision of Flood Control Drains by Hydrological Services Department of the Ministry of Works & Housing,2020-12-31,2021-07-09,high,before_salutation,,YES
management-utilisation-dacf-statutory-funds-2020,Report of the Auditor-General on the Management and Utilisation of District Assemblies' Common Fund (DACF) and Other Statutory Funds for the Year ended 31 December 2020,2020-12-31,,remote,none,PDF not downloaded locally — needs manual download first,
accounts-district-assemblies-2020,Report of the Auditor-General on the Accounts of District Assemblies for the Financial Year ended 31 December 2020,2020-12-31,2021-06-10,high,before_salutation (via OCR),,YES
consolidated-statements-foreign-exchange-bank-of-ghana-2020,Report of the Auditor-General on the Consolidated Statements of Foreign Exchange receipts and payments of the Bank of Ghana (BoG) for the year ended 31 December 2020,2020-12-31,2020-12-31,medium,near_auditor_general,"Date from info page, not transmittal letter",no
public-accounts-ghana-mdas-2020,"Report of the Auditor-General on the Public Accounts of Ghana -- Ministries, Departments and Other Agencies (MDAs) for the year ended 31 December 2020",2020-12-31,2021-06-11,high,before_salutation,,YES
public-accounts-ghana-general-government-2020,Report of the Auditor-General on the Public Sector Accounts of Ghana (General Government) for the year ended 31 December 2020,2020-12-31,2021-06-09,high,before_salutation,,YES
public-accounts-ghana-public-boards-corporations-statutory-institutions-2020,Report of the Auditor-General on the Public Accounts of Ghana -- Public Boards Corporations and other Statutory Institutions for the period ended 31 December 2020,2020-12-31,2021-05-31,medium,near_auditor_general,"Date from info page, not transmittal letter",YES
management-petroleum-funds-2020,Report of the Auditor-General on the management of Petroleum Funds for the financial year ended 31 December 2020,2020-12-31,2021-07-08,high,before_salutation (via OCR),,YES
performance-audit-regulating-reclamation-activities-small-scale-mining-sites,Performance Audit Report of the Auditor-General on Regulating Reclamation Activities at Small-Scale Mining Sites,2020-12-31,2021-06-10,high,before_salutation,,YES
performance-audit-management-blood-transfusion-services-health-delivery,Performance Audit Report of the Auditor-General on the management of Blood Transfusion Services in Health Delivery in Ghana,2020-12-31,2021-07-09,high,before_salutation,,YES
performance-audit-selected-road-works-greater-kumasi-metropolis,Performance Audit Report of the Auditor-General on selected road works in the Greater Kumasi Metropolis,2020-12-31,2021-04-30,high,before_salutation (via OCR),,YES
performance-audit-construction-30-1000mt-warehouses,"Performance Audit Report of the Auditor-General on the construction of 30,1000MT Warehouses",2020-12-31,2021-04-30,high,before_salutation (via OCR),,YES
performance-audit-provision-adoption-services-central-adoption-authority,Performance Audit Report of the Auditor-General on the provision of Adoption Services by Central Adoption Authority and Department of Social Welfare,2020-12-31,2021-06-10,high,before_salutation (via OCR),,YES
foreign-exchange-bank-of-ghana-half-year-june-2019,Report of the Auditor-General on the statements of Foreign Exchange receipts and payments of the Bank of Ghana for the first half-year ended 30 June 2019,2019-06-30,2019-12-12,high,before_salutation,,YES
management-utilisation-dacf-statutory-funds-2019,Report of the Auditor-General on the Management and Utilisation of District Assemblies' Common Fund (DACF) and Other Statutory Funds for the Year ended 31 December 2019,2019-12-31,,remote,none,PDF not downloaded locally — needs manual download first,
public-accounts-ghana-technical-universities-polytechnics-2019,Report of the Auditor-General on the Public Accounts of Ghana -- Technical Universities and Polytechnics for the period ended 31 December 2019,2019-12-31,2019-12-31,high,transmittal_heading,,no
accounts-district-assemblies-2019,Report of the Auditor-General on the Accounts of District Assemblies for the Financial Year ended 31 December 2019,2019-12-31,2020-10-21,high,before_salutation,,YES
public-accounts-ghana-public-boards-corporations-statutory-institutions-2019,Report of the Auditor-General on the Public Accounts of Ghana -- Public Boards Corporations and other Statutory Institutions for the period ended 31 December 2019,2019-12-31,2020-10-22,medium,near_auditor_general,"Date from info page, not transmittal letter",YES
public-accounts-ghana-mdas-2019,"Report of the Auditor-General on the Public Accounts of Ghana -- Ministries, Departments and Other Agencies (MDAs) for the Year ended 31 December 2019",2019-12-31,2019-12-31,high,transmittal_heading,,no
public-accounts-ghana-pre-university-educational-institutions-2019,"Report of the Auditor-General on the Public Accounts of Ghana, Pre-University Educational Institutions for the financial year ended 31 December 2019",2019-12-31,2019-12-31,high,transmittal_heading,,no
consolidated-statements-foreign-exchange-bank-of-ghana-2019,Report of the Auditor-General on the Consolidated Statements of Foreign Exchange receipts and payments of the Bank of Ghana for the year ended 31 December 2019,2019-12-31,2020-06-23,high,before_salutation,,YES
public-accounts-ghana-general-government-2019,Report of the Auditor-General on the Public Accounts of Ghana (General Government) for the Financial Year ended 31 December 2019,2019-12-31,2019-12-31,high,transmittal_heading,,no
performance-audit-administration-scholarships-getfund,Performance Audit Report of the Auditor-General on the Administration of Scholarships by GETFUND,2019-12-31,2019-11-08,high,transmittal_heading,,YES
performance-audit-tetteh-quarshie-madina-ayamfuri-obuase-bolgatanga-bawku-polimakom-roads,"Performance Audit Report of the Auditor On (1) Tetteh Quarshie To Madina Road; (2) Ayamfuri to New Obuase Road; and (3) The Bolgatanga, Bawku to Polimakom Road",2019-12-31,2019-11-28,high,transmittal_heading,,YES
performance-audit-preparedness-response-veterinary-service-animal-diseases,Performance Audit Report of the Auditor-General on preparedness and response of Veterinary Service Directorate to Animal diseases outbreaks in Ghana,2019-12-31,2019-10-16,high,before_salutation,,YES
performance-audit-sustainability-sports-stadia-ghana,Performance Audit Report of the Auditor-General on sustainability of Sports Stadia in Ghana,2019-12-31,2019-12-30,high,before_salutation,,YES
special-audit-disallowance-surcharge-november-2018,Special audit report of the Auditor-General on disallowance and surcharge as at 30 November 2018,2018-12-31,2018-12-19,high,before_salutation,,YES
nationwide-payroll-personnel-verification-audit-june-2018,Report of the Auditor-General on the Nationwide Payroll and Personnel Verification Audit as at June 2018,2018-12-31,2020-04-03,medium,near_auditor_general,"Date from info page, not transmittal letter",YES
management-petroleum-funds-2018,Report of the Auditor-General on the management of Petroleum Funds for the financial year ended 31 December 2018,2018-12-31,2020-05-20,high,before_salutation,,YES
special-audits-selected-state-institutions-2018,Report of the Auditor-General on Special Audits carried out on Selected State Institutions in the year 2018,2018-12-31,2019-03-31,high,before_salutation,,YES
public-accounts-central-government-2018,Report of the Auditor-General on the Public Accounts (Central Government) for the Financial Year ended 31 December 2018,2018-12-31,2018-12-31,high,transmittal_heading,,no
public-accounts-ghana-pre-university-educational-institutions-2018,"Report of the Auditor-General on the Public Accounts of Ghana, Pre-University Educational Institutions for the financial year ended 31 December 2018",2018-12-31,2018-12-31,high,transmittal_heading,,no
foreign-exchange-bank-of-ghana-2018,Report of the Auditor-General on the statements of Foreign Exchange receipts and payments of the Bank of Ghana for the year ended 31 December 2018,2018-12-31,2019-06-10,high,before_salutation,,YES
public-accounts-ghana-mdas-2018,"Report of the Auditor-General on the Public Accounts of Ghana -- Ministries, Departments and Other Agencies (MDAs) for the Year ended 31 December 2018",2018-12-31,2018-12-31,high,transmittal_heading,,no
public-accounts-ghana-public-boards-corporations-statutory-institutions-2018,Report of the Auditor-General on the Public Accounts of Ghana -- Public Boards Corporations and other Statutory Institutions for the period ended 31 December 2018,2018-12-31,2019-06-17,medium,near_auditor_general,"Date from info page, not transmittal letter",YES
accounts-district-assemblies-2018,Report of the Auditor-General on the Accounts of District Assemblies for the Financial Year ended 31 December 2018,2018-12-31,2019-06-20,high,before_salutation,,YES
public-accounts-ghana-technical-universities-polytechnics-2018,Report of the Auditor-General on the Public Accounts of Ghana -- Technical Universities and Polytechnics for the period ended 31 December 2018,2018-12-31,2018-12-31,high,transmittal_heading,,no
management-utilisation-dacf-statutory-funds-2018,Report of the Auditor-General on the Management and Utilisation of District Assemblies' Common Fund (DACF) and Other Statutory Funds for the Year ended 31 December 2018,2018-12-31,,remote,none,PDF not downloaded locally — needs manual download first,
performance-audit-management-human-effluent-accra-metropolitan-assembly,Performance Audit Report of the Auditor-General on the Management of Human Effluent by Accra Metropolitan Assembly,2018-12-31,2019-03-31,high,before_salutation,,YES
performance-audit-regulating-small-scale-mining-sustainable-environment,Performance Audit Report of the Auditor-General on Regulating Small-Scale Mining for a Sustainable Environment,2018-12-31,2019-04-25,high,before_salutation,,YES
performance-audit-selected-road-works-ghana-east-legon-spintex-eastern-corridor,"Performance Audit Report of the Auditor-General on Selected Road Works in Ghana-East Legon/Spintex Road Underpass, Eastern Corridor Road Project Lots 5&6 and Oil & Gas Enclave Roads",2018-12-31,2019-11-28,high,transmittal_heading,,YES
performance-audit-preparedness-implementation-sustainable-development-goals,Performance Audit Report of the Auditor-General - Government of Ghana's Preparedness for Implementation of Sustainable Development Goals,2018-12-31,,remote,none,PDF not downloaded locally — needs manual download first,
payment-dividend-consolidated-fund-state-owned-enterprises,Report of the Auditor-General on the payment of dividend into the Consolidated Fund by selected State-Owned Enterprises and other Companies,2018-12-31,2018-10-31,high,transmittal_heading,,YES
analysis-performance-audits-50-district-assemblies-strengthening-accountability-mechanism-ii,Analysis Report of the Auditor-General on Performance Audits on 50 District Assemblies under Ghana's Strengthening Accountability Mechanism II,2018-12-31,,remote,none,PDF not downloaded locally — needs manual download first,
performance-audit-capital-projects-ddf-30-mmdas-mlgrd,Performance Audit Report of the Auditor-General on Capital Projects funded through DDF in 30 MMDAs in Ghana - MLGRD,2018-12-31,2020-05-07,high,transmittal_heading,,YES
public-accounts-ghana-technical-universities-polytechnics-2017,Report of the Auditor-General on the Public Accounts of Ghana -- Technical Universities and Polytechnics for the period ended 31 December 2017,2017-12-31,2017-12-31,high,transmittal_heading,,no
management-petroleum-funds-2017,Report of the Auditor-General on the management of Petroleum Funds for the period 1 January 2017 to 31 December 2017,2017-12-31,2019-06-29,high,before_salutation,,YES
public-accounts-ghana-pre-university-educational-institutions-2017,"Report of the Auditor-General on the Public Accounts of Ghana, Pre-University Educational Institutions for the financial year ended 31 December 2017",2017-12-31,2017-12-31,high,transmittal_heading,,no
accounts-district-assemblies-2017,Report of the Auditor-General on the Accounts of District Assemblies for the Financial Year ended 31 December 2017,2017-12-31,2018-06-25,high,before_salutation,,YES
public-accounts-ghana-public-boards-corporations-statutory-institutions-2017,Report of the Auditor-General on the Public Accounts of Ghana -- Public Boards Corporations and other Statutory Institutions for the period ended 31 December 2017,2017-12-31,2018-06-25,medium,near_auditor_general,"Date from info page, not transmittal letter",YES
public-accounts-ghana-mdas-2017,"Report of the Auditor-General on the Public Accounts of Ghana -- Ministries, Departments and Other Agencies (MDAs) for the Year ended 31 December 2017",2017-12-31,2017-12-01,high,before_salutation_month_year,,YES
foreign-exchange-bank-of-ghana-2017,Report of the Auditor-General on the statements of Foreign Exchange receipts and payments of the Bank of Ghana for the year ended 31 December 2017,2017-12-31,2018-06-25,high,before_salutation,,YES
consolidated-annual-accounts-government-2017,Report of the Auditor-General on the Consolidated Annual Accounts of Government for the Financial Year ended 31 December 2017,2017-12-31,2017-12-31,high,transmittal_heading,,no
management-utilisation-dacf-statutory-funds-2017,Report of the Auditor-General on the Management and Utilisation of District Assemblies' Common Fund (DACF) and Other Statutory Funds for the Year ended 31 December 2017,2017-12-31,,remote,none,PDF not downloaded locally — needs manual download first,
liabilities-mdas-31-december-2016,"Report of the Auditor-General on the Liabilities of Ministries, Departments, and Agencies (MDAs) as at 31 December 2016",2016-12-31,,remote,none,PDF not downloaded locally — needs manual download first,
public-accounts-ghana-pre-university-educational-institutions-2016,"Report of the Auditor-General on the Public Accounts of Ghana, Pre-University Educational Institutions for the financial year ended 31 December 2016",2016-12-31,2016-12-31,high,transmittal_heading,,no
public-accounts-ghana-technical-universities-polytechnics-2016,Report of the Auditor-General on the Public Accounts of Ghana -- Technical Universities and Polytechnics for the period ended 31 December 2016,2016-12-31,2016-12-31,high,transmittal_heading,,no
management-utilisation-dacf-statutory-funds-2016,Report of the Auditor-General on the Management and Utilisation of District Assemblies' Common Fund (DACF) and Other Statutory Funds for the Year ended 31 December 2016,2016-12-31,,remote,none,PDF not downloaded locally — needs manual download first,
management-petroleum-funds-2016,Report of the Auditor-General on the management of Petroleum Funds for the period 1 January 2016 to 31 December 2016,2016-12-31,2017-09-29,high,before_salutation,,YES
accounts-district-assemblies-2016,Report of the Auditor-General on the Accounts of District Assemblies for the Financial Year ended 31 December 2016,2016-12-31,2017-08-14,high,before_salutation,,YES
public-accounts-ghana-public-boards-corporations-statutory-institutions-2016,Report of the Auditor-General on the Public Accounts of Ghana -- Public Boards Corporations and other Statutory Institutions for the period ended 31 December 2016,2016-12-31,2017-08-01,medium,near_auditor_general,"Date from info page, not transmittal letter",YES
public-accounts-ghana-mdas-2016,"Report of the Auditor-General on the Public Accounts of Ghana -- Ministries, Departments and Other Agencies (MDAs) for the Year ended 31 December 2016",2016-12-31,2016-12-31,high,transmittal_heading,,no
foreign-exchange-bank-of-ghana-half-year-december-2016,Report of the Auditor-General on the statements of Foreign Exchange receipts and payments of the Bank of Ghana for the half-year ended 31 December 2016,2016-12-31,2017-09-29,high,before_salutation,,YES
public-accounts-ghana-consolidated-fund-2016,"Report of the Auditor-General on the Public Accounts of Ghana, Consolidated Fund for the Financial Year ended 31 December 2016",2016-12-31,2017-06-30,high,transmittal_heading,,YES
foreign-exchange-bank-of-ghana-half-year-june-2016,Report of the Auditor-General on the statements of Foreign Exchange receipts and payments of the Bank of Ghana for the half-year ended 30 June 2016,2016-06-30,2016-11-23,high,before_salutation,,YES
performance-audit-implementation-local-content-oil-gas-sector,Performance Audit Report of the Auditor-General on the implementation of Local Content in the Oil and Gas Sector of Ghana,2016-12-31,2016-03-22,high,before_salutation,,YES
performance-audit-governance-national-apprenticeship-programme-cotvet,Performance Audit Report of the Auditor-General on the Governance of the National Apprenticeship Programme by COTVET,2016-12-31,,remote,none,PDF not downloaded locally — needs manual download first,
performance-audit-disposal-government-vehicles-mofa-ghana-health-service,Performance Audit Report of the Auditor-General on the disposal of Government vehicles by the Ministry of Food & Agriculture and the Ghana Health Service,2016-12-31,2016-03-22,high,before_salutation,,YES
performance-audit-ensuring-safety-quality-medicines-ghana,Performance Audit Report of the Auditor-General on ensuring safety and quality of medicines in Ghana,2016-12-31,2016-03-22,high,before_salutation,,YES
public-accounts-ghana-public-boards-corporations-statutory-institutions-2015,Report of the Auditor-General on the Public Accounts of Ghana -- Public Boards Corporations and other Statutory Institutions for the period ended 31 December 2015,2015-12-31,2016-12-21,medium,near_auditor_general,"Date from info page, not transmittal letter",YES
foreign-exchange-bank-of-ghana-half-year-december-2015,Report of the Auditor-General on the statements of Foreign Exchange receipts and payments of the Bank of Ghana for the half-year ended 31 December 2015,2015-12-31,2016-09-14,high,before_salutation,,YES
foreign-exchange-bank-of-ghana-half-year-june-2015,Report of the Auditor-General on the statements of Foreign Exchange receipts and payments of the Bank of Ghana for the half-year ended 30 June 2015,2015-06-30,2016-03-28,high,before_salutation,,YES
public-accounts-ghana-pre-university-educational-institutions-2015,"Report of the Auditor-General on the Public Accounts of Ghana, Pre-University Educational Institutions for the financial year ended 31 December 2015",2015-12-31,2015-12-31,high,transmittal_heading,,no
public-accounts-ghana-polytechnics-2015,Report of the Auditor-General on the Public Accounts of Ghana - Polytechnics for the period ended 31 December 2015,2015-12-31,2015-12-31,high,transmittal_heading,,no
public-accounts-ghana-mdas-2015,"Report of the Auditor-General on the Public Accounts of Ghana -- Ministries, Departments and Other Agencies (MDAs) for the Year ended 31 December 2015",2015-12-31,2016-12-21,medium,near_auditor_general,"Date from info page, not transmittal letter",YES
public-accounts-ghana-consolidated-fund-2015,"Report of the Auditor-General on the Public Accounts of Ghana, Consolidated Fund for the Financial Year ended 31 December 2015",2015-12-31,2015-12-31,high,transmittal_heading,,no
management-petroleum-funds-2015,Report of the Auditor-General on the management of Petroleum Funds for the period 1 January 2015 to 31 December 2015,2015-12-31,2016-11-30,high,before_salutation,,YES
management-utilisation-dacf-statutory-funds-2015,Report of the Auditor-General on the Management and Utilisation of District Assemblies' Common Fund (DACF) and Other Statutory Funds for the Year ended 31 December 2015,2015-12-31,,remote,none,PDF not downloaded locally — needs manual download first,
accounts-district-assemblies-2015,Report of the Auditor-General on the Accounts of District Assemblies for the Financial Year ended 31 December 2015,2015-12-31,2016-11-23,high,before_salutation,,YES
performance-audit-management-expanded-plantation-programme-nfpdp,"Performance Audit Report of the Auditor-General on the Management of the Expanded Plantation Programme (EPP) of the National Forest Plantation Development Programme (NFPDP), Ghana",2015-12-31,2015-07-31,high,before_salutation,,YES
public-accounts-ghana-consolidated-fund-2014,"Report of the Auditor-General on the Public Accounts of Ghana, Consolidated Fund for the Year ended 31 December 2014",2014-12-31,2014-12-31,high,transmittal_heading,,no
public-accounts-ghana-pre-university-educational-institutions-2014,"Report of the Auditor-General on the Public Accounts of Ghana, Pre-University Educational Institutions for the financial year ended 31 December 2014",2014-12-31,2014-12-31,high,transmittal_heading,,no
foreign-exchange-bank-of-ghana-half-year-december-2014,Report of the Auditor-General on the statements of Foreign Exchange receipts and payments of the Bank of Ghana for the half-year ended 31 December 2014,2014-12-31,,remote,none,PDF not downloaded locally — needs manual download first,
foreign-exchange-bank-of-ghana-half-year-june-2014,Report of the Auditor-General on the statements of Foreign Exchange receipts and payments of the Bank of Ghana for the half-year ended 30 June 2014,2014-06-30,2014-06-30,high,transmittal_heading,,no
public-accounts-ghana-mdas-2014,"Report of the Auditor-General on the Public Accounts of Ghana -- Ministries, Departments and Other Agencies (MDAs) for the Year ended 31 December 2014",2014-12-31,2014-12-31,high,transmittal_heading,,no
public-accounts-ghana-public-boards-corporations-statutory-institutions-2014,Report of the Auditor-General on the Public Accounts of Ghana -- Public Boards Corporations and other Statutory Institutions for the period ended 31 December 2014,2014-12-31,2015-12-21,medium,near_auditor_general,"Date from info page, not transmittal letter",YES
accounts-district-assemblies-2014,Report of the Auditor-General on the Accounts of District Assemblies for the Financial Year ended 31 December 2014,2014-12-31,2015-10-15,high,before_salutation,,YES
public-accounts-ghana-polytechnics-2013-2014,Report of the Auditor-General on the Public Accounts of Ghana - Polytechnics for the period ended 31 December 2013 and 2014,2014-12-31,,remote,none,PDF not downloaded locally — needs manual download first,
performance-audit-poverty-focused-rural-transport-programme,Performance Audit Report of the Auditor-General on Poverty Focused Rural Transport Programme,2014-12-31,2014-08-21,high,transmittal_heading,,YES
performance-audit-expansion-works-odaw-bridge-flyover-railway-graphic-road,Performance Audit Report on Expansion Works on Odaw Bridge and Construction of Flyover Bridge over Railway Line on the Graphic Road,2014-12-31,2014-08-21,high,transmittal_heading,,YES
management-petroleum-funds-2013,Report of the Auditor-General on the Management of Petroleum Funds for the period 1 January 2013 to 31 December 2013,2013-12-31,2013-01-01,high,transmittal_heading,,YES
public-accounts-ghana-mdas-2013,"Report of the Auditor-General on the Public Accounts of Ghana -- Ministries, Departments and Other Agencies (MDAs) for the Year ended 31 December 2013",2013-12-31,2014-09-01,medium,near_auditor_general,"Date from info page, not transmittal letter",YES
management-utilisation-dacf-statutory-funds-2013,Report of the Auditor-General on the management and utilization of District Assemblies' Common Fund (DACF) and other Statutory funds for the year ended 31 December 2013,2013-12-31,,remote,none,PDF not downloaded locally — needs manual download first,
public-accounts-ghana-polytechnics-2012,Report of the Auditor-General on the Public Accounts of Ghana - Polytechnics for the period ended 31 December 2012,2012-12-31,2012-12-31,high,transmittal_heading,,no
public-accounts-ghana-consolidated-fund-2012,Report of the Auditor-General on the Public Accounts of Ghana -- Consolidated Fund for the Year ended 31 December 2012,2012-12-31,2013-06-28,high,transmittal_heading,,YES
public-accounts-ghana-mdas-2012,"Report of the Auditor-General on the Public Accounts of Ghana -- Ministries, Departments and Other Agencies (MDAs) for the Year ended 31 December 2012",2012-12-31,2012-12-31,medium,near_auditor_general,"Date from info page, not transmittal letter",no
management-utilisation-dacf-statutory-funds-2012,Report of the Auditor-General on the management and utilization of District Assemblies' Common Fund (DACF) and other Statutory funds for the year ended 31 December 2012,2012-12-31,,remote,none,PDF not downloaded locally — needs manual download first,
public-accounts-ghana-mdas-2011,"Report of the Auditor-General on the Public Accounts of Ghana -- Ministries, Departments and Other Agencies (MDAs) for the Year ended 31 December 2011",2011-12-31,2012-06-29,high,before_salutation,,YES
management-utilisation-dacf-statutory-funds-2011,Report of the Auditor-General on the Management and Utilisation of District Assemblies' Common Fund (DACF) and Other Statutory Funds for the Year ended 31 December 2011,2011-12-31,,remote,none,PDF not downloaded locally — needs manual download first,
public-accounts-ghana-mdas-2010,"Report of the Auditor-General on the Public Accounts of Ghana -- Ministries, Departments, and Other Agencies (MDAs) for the year ended 31 December 2010",2010-12-31,2011-06-29,high,before_salutation,,YES
performance-audit-tma-construction-projects,Performance Audit Report of the Auditor-General on TMA'S Construction Projects,2010-12-31,,remote,none,PDF not downloaded locally — needs manual download first,
foreign-exchange-bank-of-ghana-half-year-june-2008,Report of the Auditor-General on the Statements of Foreign Exchange Receipts and Payments of the Bank of Ghana for the First Half Year ended 30 June 2008,2008-06-30,,remote,none,PDF not downloaded locally — needs manual download first,
performance-audit-management-ghana-police-residential-accommodation,Performance Audit Report of the Auditor-General on management of Ghana Police Residential Accommodation,2007-12-31,2008-10-28,high,before_salutation (via OCR),,YES
performance-audit-infrastructure-projects-public-educational-institutions-getfund,Performance Audit Report of the Auditor-General on the implementation of Infrastructure Projects in Public Educational Institutions financed by GETFUND,2007-12-31,2007-03-15,high,before_salutation (via OCR),,YES
performance-audit-public-servants-housing-loan-scheme,Performance Audit Report of the Auditor-General on Public Servants Housing Loan Scheme,2007-12-31,,remote,none,PDF not downloaded locally — needs manual download first,
performance-audit-business-registration-ghana,Performance Audit Report of the Auditor-General on Business Registration in Ghana,2007-12-31,2007-11-22,high,before_salutation (via OCR),,YES
foreign-exchange-bank-of-ghana-two-half-years-2006,Report of the Auditor-General on the Statements of Foreign Exchange Receipts and Payments of the Bank of Ghana for the Two Half Years ended 31 December 2006,2006-12-31,2006-06-30,medium,near_auditor_general (via OCR),"Date from info page, not transmittal letter",YES
performance-audit-procurement-drugs-ministry-of-health,Performance Audit Report of the Auditor-General on procurement of drugs and other items in the Ministry of Health,2005-12-31,2006-09-29,high,before_salutation (via OCR),,YES
performance-audit-funding-ghana-road-fund,Performance Audit Report of the Auditor-General on the funding of Ghana Road Fund,2005-12-31,2006-07-03,high,before_salutation (via OCR),,YES
performance-audit-provision-safe-drinking-water,Performance Audit Report of the Auditor-General on the Provision of Safe Drinking Water,2005-12-31,2006-06-30,high,before_salutation (via OCR),,YES
performance-audit-management-human-resources-primary-health-care-ghana-health-service,Performance Audit Report of the Auditor-General on the Management of Human Resources for the effective Primary Health Care delivery by The Ghana Health Service,2005-12-31,2006-12-01,high,before_salutation_month_year (via OCR),,YES
performance-audit-management-foreign-scholarships,Performance Audit Report of the Auditor-General on the Management of Foreign Scholarships,2005-12-31,2006-06-30,high,before_salutation (via OCR),,YES
performance-audit-administration-ghana-government-scholarships-second-cycle-institutions,Performance Audit Report of the Auditor-General into the Administration of Ghana Government Scholarships in Second Cycle Institutions,2005-12-31,2006-09-29,high,before_salutation (via OCR),,YES
consolidated-special-audits-district-assemblies-2001-2004,Consolidated Report of the Auditor-General on Special Audits into the Operations of District Assemblies for the Period 2001-2004,2004-12-31,2008-08-01,high,before_salutation_month_year (via OCR),,YES
performance-audit-management-accra-metropolitan-assembly-markets,Performance Audit Report of the Auditor-General on Expansion Works on Management of Accra Metropolitan Assembly Markets,2005-12-31,2004-04-06,high,before_salutation (via OCR),,YES
special-investigation-gpha-unauthorized-expenditure-bagbin,"Report of the Auditor-General on the special investigation into unauthorized expenditure made by the Ghana Ports and Harbours Authority (GPHA) on Hon. Alban S.K. Bagbin, MP, Minority Leader",2005-12-31,2004-02-04,high,before_salutation (via OCR),,YES
performance-audit-transport-operation-ministry-of-health,Performance Audit Report of the Auditor-General on Transport Operation in the Ministry of Health,2005-12-31,2004-09-01,high,before_salutation_month_year (via OCR),,YES
performance-audit-management-ghana-castles-forts,Performance Audit Report of the Auditor-General on Management of Ghana's Castles and Forts,2005-12-31,,remote,none,PDF not downloaded locally — needs manual download first,
performance-audit-construction-rehabilitation-school-buildings-second-cycle,Performance Audit Report of the Auditor-General on the construction and rehabilitation of school buildings in Second Cycle Educational Institutions,2005-12-31,2004-08-06,high,before_salutation (via OCR),,YES
special-report-investigation-bedford-land-rover-trucks-mackerel-ministry-defence-2003,Special Report of the Auditor-General on investigation into the purchase of Ex United Kingdom (UK) Ministry of Defence BEDFORD and Land Rover Trucks & Mackerel in pepper sauce and tuna solid in pure vegetable oil for Ministry of Defence 2003,2003-12-31,2003-10-01,high,before_salutation (via OCR),,YES
foreign-exchange-bank-of-ghana-two-half-years-2003,Report of the Auditor-General on the Statements of Foreign Exchange Receipts and Payments of the Bank of Ghana for the Two Half Years ended 31 December 2003,2003-12-31,,remote,none,PDF not downloaded locally — needs manual download first,
performance-audit-distribution-teachers-public-basic-schools,Performance Audit Report of the Auditor-General on the distribution of Teachers in Public Basic Schools,2003-12-31,,remote,none,PDF not downloaded locally — needs manual download first,
foreign-exchange-bank-of-ghana-two-half-years-2002,Report of the Auditor-General on the Statements of Foreign Exchange Receipts and Payments of the Bank of Ghana for the Two Half Years ended 31 December 2002,2002-12-31,,remote,none,PDF not downloaded locally — needs manual download first,
foreign-exchange-bank-of-ghana-four-half-years-1999-2000,Report of the Auditor-General on the Statements of Foreign Exchange Receipts and Payments of the Bank of Ghana for the Four Half Years of 1999 and 2000,2000-12-31,1999-12-31,low,first_date_found (via OCR),No salutation/transmittal match; used first date found (3 dates on pages 2-5),YES
usaid-grant-university-science-technology-school-mines-tarkwa-1990-1997,"Report of the Auditor-General on USAID grant to the University of Science and Technology School of Mines, Tarkwa for the period 27 September 1990 to 30 September 1997",1997-09-30,,remote,none,PDF not downloaded locally — needs manual download first,
public-accounts-ghana-pre-university-educational-institutions-1995,Report of the Auditor-General on the Public Accounts of Ghana-Pre-University Educational Institutions for the period ended 31 December 1995,1995-12-31,1996-12-30,high,before_salutation (via OCR),,YES
foreign-exchange-bank-of-ghana-first-second-half-year-1995,Report of the Auditor-General on the statements of Foreign Exchange receipts and payments of the Bank of Ghana for the first and second half-year ended 31 December 1995,1995-12-31,1996-10-01,high,before_salutation_month_year (via OCR),,YES
foreign-exchange-bank-of-ghana-second-half-year-1994,Report of the Auditor-General on the Statements of Foreign Exchange Receipts and Payments of the Bank of Ghana for the Second Half-Year Ended 31 December 1994,1994-12-31,1995-12-01,medium,near_auditor_general_month_year (via OCR),"Date from info page, not transmittal letter",YES
accounts-district-assemblies-common-fund-1994,Report of the Auditor-General on the accounts of the District Assemblies Common Fund for the year ended 31 December 1994,1994-12-31,1996-02-23,high,before_salutation (via OCR),,YES
foreign-exchange-bank-of-ghana-second-half-year-1993,Report of the Auditor-General on the Statements of Foreign Exchange Receipts and Payments of the Bank of Ghana for the Second Half-Year Ended 31 December 1993,1993-12-31,1994-09-30,medium,near_auditor_general (via OCR),"Date from info page, not transmittal letter",YES
special-audit-report-government-outstanding-claims-commitments-31-december-2024-vol-2,Special audit report of the Auditor-General on Government outstanding claims and commitments as at 31 December 2024 - Vol 2,2024-12-31,2025-11-03,manual,manual_entry,Manually entered after visual inspection,YES
performance-audit-mental-health-management-care-delivery-ghana,Performance Audit Report of the Auditor-General on Mental Health Management and Care Delivery in Ghana,2021-12-31,2022-03-01,manual,manual_entry,Manually entered after visual inspection,YES
performance-audit-management-education-children-special-needs,Performance Audit Report of the Auditor-General on the Management of Education of Children with Special Needs,2021-12-31,2025-05-05,manual,manual_entry,Manually entered after visual inspection,YES
